date,generated_power_kw,severity
2024-01-03 23:00:00,2675.5011,Medium
2024-01-05 02:00:00,2677.5709,Medium
2024-01-05 20:00:00,2689.5167,Medium
2024-01-07 00:00:00,2724.477,Medium
2024-01-07 01:00:00,2668.6514,Medium
2024-01-09 12:00:00,2664.7049,Medium
2024-01-09 13:00:00,2899.872,Medium
2024-01-09 14:00:00,2822.5761,Medium
2024-01-09 22:00:00,2709.7533,Medium
2024-01-09 23:00:00,2898.309,Medium
2024-01-10 00:00:00,2839.5309,Medium
2024-01-11 05:00:00,2805.2676,Medium
2024-01-11 06:00:00,2768.1883,Medium
2024-01-12 21:00:00,2741.3694,Medium
2024-01-15 14:00:00,2848.8113,Medium
2024-01-15 15:00:00,3042.2762,Major
2024-01-15 16:00:00,2976.7425,Medium
2024-01-15 18:00:00,2012.8759,Small
2024-01-17 05:00:00,2748.0358,Medium
2024-01-17 06:00:00,2909.5366,Medium
2024-01-17 07:00:00,2774.0572,Medium
2024-01-19 16:00:00,2804.8013,Medium
2024-01-19 17:00:00,2961.926,Medium
2024-01-19 18:00:00,2867.343,Medium
2024-01-20 13:00:00,2977.094,Medium
2024-01-20 14:00:00,2955.7583,Medium
2024-01-20 23:00:00,2795.9993,Medium
2024-01-21 00:00:00,2949.8806,Medium
2024-01-21 01:00:00,2881.9097,Medium
2024-01-23 04:00:00,2857.5967,Medium
2024-01-23 05:00:00,2689.2852,Medium
2024-01-23 12:00:00,2016.125,Small
2024-01-23 15:00:00,2767.1597,Medium
2024-01-23 16:00:00,2061.6401,Small
2024-01-24 11:00:00,2678.9464,Medium
2024-01-24 12:00:00,2850.3126,Medium
2024-01-25 09:00:00,3036.9697,Major
2024-01-25 10:00:00,2999.3172,Medium
2024-01-25 11:00:00,2746.2333,Medium
2024-01-25 19:00:00,2849.3513,Medium
2024-01-25 20:00:00,3049.4668,Major
2024-01-25 21:00:00,3000.4989,Medium
2024-01-25 22:00:00,2739.6307,Medium
2024-01-26 06:00:00,2746.9364,Medium
2024-01-26 07:00:00,2922.9944,Medium
2024-01-26 08:00:00,2874.0353,Medium
2024-01-26 17:00:00,2705.2294,Medium
2024-01-26 18:00:00,2822.5712,Medium
2024-01-26 19:00:00,2800.9035,Medium
2024-01-27 04:00:00,2697.1626,Medium
2024-01-27 05:00:00,2923.0258,Medium
2024-01-27 06:00:00,2888.6197,Medium
2024-01-27 17:00:00,2909.6684,Medium
2024-01-27 18:00:00,2774.5503,Medium
2024-01-28 03:00:00,2704.2585,Medium
2024-01-28 04:00:00,2771.6524,Medium
2024-01-28 05:00:00,2766.9008,Medium
2024-01-28 14:00:00,2666.7428,Medium
2024-01-28 15:00:00,2820.1406,Medium
2024-01-28 16:00:00,2791.1566,Medium
2024-01-29 01:00:00,2025.6491,Small
2024-01-29 03:00:00,2696.244,Medium
2024-01-29 04:00:00,2719.7232,Medium
2024-01-29 20:00:00,2894.8564,Medium
2024-01-29 21:00:00,3056.7941,Major
2024-01-29 22:00:00,2997.9068,Medium
2024-01-29 23:00:00,2742.1568,Medium
2024-01-30 21:00:00,2848.1827,Medium
2024-01-30 22:00:00,2952.9333,Medium
2024-01-30 23:00:00,2915.0436,Medium
2024-02-05 09:00:00,2798.8026,Medium
2024-02-05 10:00:00,2857.0071,Medium
2024-02-05 11:00:00,2842.0558,Medium
2024-02-05 22:00:00,2763.0826,Medium
2024-02-06 11:00:00,2745.8985,Medium
2024-02-06 12:00:00,2885.0596,Medium
2024-02-06 13:00:00,2820.1377,Medium
2024-02-07 00:00:00,2676.6376,Medium
2024-02-07 01:00:00,2951.6153,Medium
2024-02-07 02:00:00,2840.5825,Medium
2024-02-07 13:00:00,2860.7291,Medium
2024-02-07 14:00:00,2964.7868,Medium
2024-02-07 15:00:00,2882.3406,Medium
2024-02-08 02:00:00,2776.8061,Medium
2024-02-08 03:00:00,2859.7307,Medium
2024-02-08 04:00:00,2822.1077,Medium
2024-02-09 02:00:00,2005.9706,Small
2024-02-09 04:00:00,2818.3444,Medium
2024-02-09 05:00:00,2940.5742,Medium
2024-02-09 06:00:00,2852.2145,Medium
2024-02-09 17:00:00,2823.7859,Medium
2024-02-09 18:00:00,2927.9754,Medium
2024-02-09 19:00:00,2874.1014,Medium
2024-02-10 06:00:00,2710.3849,Medium
2024-02-10 07:00:00,2954.9119,Medium
2024-02-10 08:00:00,2775.9501,Medium
2024-02-10 10:00:00,2059.5733,Small
2024-02-10 19:00:00,2860.7503,Medium
2024-02-10 20:00:00,2962.5103,Medium
2024-02-10 21:00:00,2949.8447,Medium
2024-02-10 22:00:00,2717.1814,Medium
2024-02-11 07:00:00,2684.0389,Medium
2024-02-12 14:00:00,2019.1516,Small
2024-02-13 04:00:00,2834.7809,Medium
2024-02-13 05:00:00,2716.8042,Medium
2024-02-13 18:00:00,2822.9876,Medium
2024-02-13 19:00:00,2824.6611,Medium
2024-02-16 01:00:00,2019.5456,Small
2024-02-16 17:00:00,2920.693,Medium
2024-02-16 18:00:00,2921.894,Medium
2024-02-17 01:00:00,2782.8494,Medium
2024-02-17 13:00:00,2689.6781,Medium
2024-02-17 15:00:00,2813.4818,Medium
2024-02-20 23:00:00,2808.3628,Medium
2024-02-21 00:00:00,2879.6863,Medium
2024-02-21 01:00:00,2799.6825,Medium
2024-02-22 16:00:00,2018.105,Small
2024-02-24 07:00:00,2754.425,Medium
2024-02-24 20:00:00,1997.4542,Small
2024-02-24 22:00:00,2703.4781,Medium
2024-02-24 23:00:00,2766.9354,Medium
2024-02-25 10:00:00,2005.7647,Small
2024-02-25 12:00:00,2727.1328,Medium
2024-02-25 13:00:00,2781.5295,Medium
2024-02-25 16:00:00,2029.0572,Small
2024-02-26 03:00:00,2692.6499,Medium
2024-02-26 17:00:00,2698.9019,Medium
2024-03-01 04:00:00,2017.5687,Small
2024-03-01 06:00:00,2752.6902,Medium
2024-03-01 07:00:00,2820.1681,Medium
2024-03-01 08:00:00,2715.1876,Medium
2024-03-01 20:00:00,2703.1475,Medium
2024-03-01 21:00:00,2758.105,Medium
2024-03-02 11:00:00,2687.9616,Medium
2024-03-04 07:00:00,2691.2331,Medium
2024-03-04 22:00:00,2736.1097,Medium
2024-03-04 23:00:00,2810.1854,Medium
2024-03-05 00:00:00,2722.5252,Medium
2024-03-05 11:00:00,1998.4081,Small
2024-03-05 13:00:00,2719.9631,Medium
2024-03-05 14:00:00,2807.2306,Medium
2024-03-05 15:00:00,2720.9167,Medium
2024-03-08 02:00:00,2719.7942,Medium
2024-03-13 16:00:00,2025.133,Small
2024-03-18 08:00:00,2692.8186,Medium
2024-03-20 20:00:00,2704.4225,Medium
2024-03-30 05:00:00,2000.6994,Small
2024-04-11 08:00:00,2050.7022,Small
2024-04-15 05:00:00,2675.3517,Medium
2024-04-23 06:00:00,1999.5948,Small
2024-04-24 06:00:00,2669.6589,Medium
2024-04-24 07:00:00,2706.2756,Medium
2024-04-24 08:00:00,2050.5335,Small
2024-04-27 12:00:00,2664.4003,Medium
2024-04-28 04:00:00,2018.5128,Small
2024-04-28 14:00:00,2669.8543,Medium
2024-05-03 11:00:00,2768.5681,Medium
2024-05-04 13:00:00,2675.8306,Medium
2024-05-05 12:00:00,2715.2189,Medium
2024-05-05 13:00:00,2797.9506,Medium
2024-05-05 14:00:00,2694.2201,Medium
2024-05-06 02:00:00,2731.1986,Medium
2024-05-07 17:00:00,2680.6229,Medium
2024-05-08 06:00:00,2806.1374,Medium
2024-05-08 20:00:00,2766.8408,Medium
2024-05-08 21:00:00,2708.8561,Medium
2024-05-10 18:00:00,2016.6536,Small
2024-05-10 20:00:00,2711.3911,Medium
2024-05-10 21:00:00,2777.9056,Medium
2024-05-10 22:00:00,2692.0972,Medium
2024-05-11 08:00:00,2707.7561,Medium
2024-05-11 09:00:00,2769.6178,Medium
2024-05-11 10:00:00,2668.1111,Medium
2024-05-11 21:00:00,2697.166,Medium
2024-05-12 20:00:00,2727.4636,Medium
2024-05-12 21:00:00,2790.1867,Medium
2024-05-12 22:00:00,2674.0361,Medium
2024-05-13 09:00:00,2051.5311,Small
2024-05-13 22:00:00,2702.8226,Medium
2024-05-14 11:00:00,2049.9486,Small
2024-05-15 09:00:00,2714.4986,Medium
2024-05-15 18:00:00,2006.4703,Small
2024-05-15 20:00:00,2738.9517,Medium
2024-05-15 21:00:00,2783.9359,Medium
2024-05-15 22:00:00,2676.0733,Medium
2024-05-16 18:00:00,2018.1533,Small
2024-05-17 09:00:00,2714.9986,Medium
2024-05-17 22:00:00,2012.8019,Small
2024-05-20 07:00:00,2015.4089,Small
2024-05-21 05:00:00,2689.2308,Medium
2024-05-23 03:00:00,2847.8031,Medium
2024-05-23 04:00:00,2715.8421,Medium
2024-05-23 14:00:00,2763.6964,Medium
2024-05-23 15:00:00,2830.3296,Medium
2024-05-23 16:00:00,2679.2458,Medium
2024-05-26 18:00:00,2683.0975,Medium
2024-05-26 19:00:00,2748.8261,Medium
2024-06-03 02:00:00,2682.9371,Medium
2024-06-03 03:00:00,2720.5597,Medium
2024-06-04 09:00:00,2666.1872,Medium
2024-06-05 17:00:00,2017.5975,Small
2024-06-06 21:00:00,2673.1679,Medium
2024-06-07 18:00:00,2003.9314,Small
2024-06-09 06:00:00,2736.0958,Medium
2024-06-12 14:00:00,2055.4789,Small
2024-06-14 15:00:00,2017.3037,Small
2024-06-16 13:00:00,2059.14,Small
2024-06-19 00:00:00,2048.6775,Small
2024-06-20 22:00:00,2057.5381,Small
2024-06-22 02:00:00,2054.1839,Small
2024-06-23 16:00:00,2048.625,Small
